{
	"common":
	{
		"CSV_HEADER": "Time_Total RAM_Free RAM_Used RAM_Lost RAM_Used RAM",
		"ADB_DUMP_MEM_CMD": "adb shell dumpsys meminfo"
	},		
	"case_list":
	{
		"case_00":
		{
			"APP_NAME": "com.letv.android.letvlive",
			"CSV_FILE_NAME": "case_00_meminfo.csv",
			"UI_AUTO_CMD": "adb shell uiautomator runtest smoke.jar -c com.letv.cases.leui.LetvLive.LetvLive#testLaunchLetvLive",
			"LOOP_NUM": 7
		},
		"case_01":
		{
			"APP_NAME": "com.letv.android.letvlive",
			"CSV_FILE_NAME": "case_01_meminfo.csv",
			"UI_AUTO_CMD": "adb shell uiautomator runtest smoke.jar -c com.letv.cases.leui.LetvLive.LetvLive#testLaunchLetvLive",
			"LOOP_NUM": 5
		}
	}
}
