Second,PID,CPU%,cmdline
0,4608,0%,com.android.launcher3
0,3442,0%,/sbin/adbd
0,809,0%,system_server
0,250,0%,/system/bin/surfaceflinger
0,277,0%,/system/bin/mobile_log_d
15,15823,0%,com.android.settings
15,809,0%,system_server
15,3442,0%,/sbin/adbd
15,277,0%,/system/bin/mobile_log_d
15,272,0%,/system/bin/mediaserver
30,4608,0%,com.android.launcher3
30,809,0%,system_server
30,3442,0%,/sbin/adbd
30,250,0%,/system/bin/surfaceflinger
30,277,0%,/system/bin/mobile_log_d
45,15823,0%,com.android.settings
45,809,0%,system_server
45,3442,0%,/sbin/adbd
45,277,0%,/system/bin/mobile_log_d
45,2501,0%,com.android.phone
60,15823,0%,com.android.settings
60,809,0%,system_server
60,3442,0%,/sbin/adbd
60,15592,0%,uiautomator
60,277,0%,/system/bin/mobile_log_d
75,15823,0%,com.android.settings
75,3442,0%,/sbin/adbd
75,2248,0%,com.android.systemui
75,250,0%,/system/bin/surfaceflinger
75,277,0%,/system/bin/mobile_log_d
90,4608,0%,com.android.launcher3
90,809,0%,system_server
90,15823,0%,com.android.settings
90,3442,0%,/sbin/adbd
90,277,0%,/system/bin/mobile_log_d
105,16930,13%,com.android.dialer
105,15592,5%,uiautomator
105,3442,5%,/sbin/adbd
105,809,4%,system_server
105,277,2%,/system/bin/mobile_log_d
120,15823,0%,com.android.settings
120,809,0%,system_server
120,3442,0%,/sbin/adbd
120,250,0%,/system/bin/surfaceflinger
120,277,0%,/system/bin/mobile_log_d
135,3442,0%,/sbin/adbd
135,4608,0%,com.android.launcher3
135,809,0%,system_server
135,277,0%,/system/bin/mobile_log_d
135,250,0%,/system/bin/surfaceflinger
150,15823,0%,com.android.settings
150,809,0%,system_server
150,4608,0%,com.android.launcher3
150,3442,0%,/sbin/adbd
150,250,0%,/system/bin/surfaceflinger
165,15823,0%,com.android.settings
165,3442,0%,/sbin/adbd
165,809,0%,system_server
165,250,0%,/system/bin/surfaceflinger
165,17227,0%,uiautomator
